pipeline,subset,model,accuracy,macro_f1,roc_auc_ovr,f1_negative,f1_neutral,f1_positive
TF-IDF,75agree,logistic_regression,0.8219971056439942,0.7675887610779984,0.9147704841500689,0.6792452830188679,0.8849765258215962,0.738544474393531
FinBERT,75agree,xgboost,0.9681620839363242,0.9596897905346969,0.9973695772126607,0.9523809523809523,0.980209545983702,0.9464788732394366
