pipeline,subset,model,accuracy,macro_f1,roc_auc_ovr,f1_negative,f1_neutral,f1_positive
FinBERT,75agree,xgboost,0.9681620839363242,0.9596897905346969,0.9973695772126607,0.9523809523809523,0.980209545983702,0.9464788732394366
