{
  "dataset": "sentences_66agree",
  "models": [
    {
      "name": "logistic_regression",
      "best_params": {
        "C": 0.1
      },
      "cv_macro_f1": 0.9276340951568413,
      "metrics": {
        "model": "logistic_regression",
        "accuracy": 0.9265402843601895,
        "macro_f1": 0.916383285333148,
        "per_class": {
          "precision": [
            0.8521739130434782,
            0.9407114624505929,
            0.9327354260089686
          ],
          "recall": [
            0.9514563106796117,
            0.9388560157790927,
            0.8888888888888888
          ],
          "f1": [
            0.8990825688073395,
            0.9397828232971372,
            0.9102844638949672
          ]
        },
        "confusion_matrix": [
          [
            98,
            5,
            0
          ],
          [
            16,
            476,
            15
          ],
          [
            1,
            25,
            208
          ]
        ],
        "roc_auc_ovr": 0.9873662506282616,
        "classification_report": {
          "negative": {
            "precision": 0.8521739130434782,
            "recall": 0.9514563106796117,
            "f1-score": 0.8990825688073395,
            "support": 103.0
          },
          "neutral": {
            "precision": 0.9407114624505929,
            "recall": 0.9388560157790927,
            "f1-score": 0.9397828232971372,
            "support": 507.0
          },
          "positive": {
            "precision": 0.9327354260089686,
            "recall": 0.8888888888888888,
            "f1-score": 0.9102844638949672,
            "support": 234.0
          },
          "accuracy": 0.9265402843601895,
          "macro avg": {
            "precision": 0.9085402671676799,
            "recall": 0.9264004051158644,
            "f1-score": 0.916383285333148,
            "support": 844.0
          },
          "weighted avg": {
            "precision": 0.9276951589952933,
            "recall": 0.9265402843601895,
            "f1-score": 0.9266373940168565,
            "support": 844.0
          }
        }
      }
    },
    {
      "name": "linear_svm",
      "best_params": {
        "C": 0.1
      },
      "cv_macro_f1": 0.9167488345245441,
      "metrics": {
        "model": "linear_svm",
        "accuracy": 0.919431279620853,
        "macro_f1": 0.9089610260413079,
        "per_class": {
          "precision": [
            0.8571428571428571,
            0.9347826086956522,
            0.915929203539823
          ],
          "recall": [
            0.9320388349514563,
            0.9329388560157791,
            0.8846153846153846
          ],
          "f1": [
            0.8930232558139535,
            0.9338598223099703,
            0.9
          ]
        },
        "confusion_matrix": [
          [
            96,
            7,
            0
          ],
          [
            15,
            473,
            19
          ],
          [
            1,
            26,
            207
          ]
        ],
        "roc_auc_ovr": null,
        "classification_report": {
          "negative": {
            "precision": 0.8571428571428571,
            "recall": 0.9320388349514563,
            "f1-score": 0.8930232558139535,
            "support": 103.0
          },
          "neutral": {
            "precision": 0.9347826086956522,
            "recall": 0.9329388560157791,
            "f1-score": 0.9338598223099703,
            "support": 507.0
          },
          "positive": {
            "precision": 0.915929203539823,
            "recall": 0.8846153846153846,
            "f1-score": 0.9,
            "support": 234.0
          },
          "accuracy": 0.919431279620853,
          "macro avg": {
            "precision": 0.9026182231261108,
            "recall": 0.9165310251942067,
            "f1-score": 0.9089610260413079,
            "support": 844.0
          },
          "weighted avg": {
            "precision": 0.9200804864013371,
            "recall": 0.919431279620853,
            "f1-score": 0.9194885370379055,
            "support": 844.0
          }
        }
      }
    },
    {
      "name": "xgboost",
      "best_params": {
        "learning_rate": 0.1,
        "max_depth": 3,
        "n_estimators": 300
      },
      "cv_macro_f1": 0.9323588920197196,
      "metrics": {
        "model": "xgboost",
        "accuracy": 0.9229857819905213,
        "macro_f1": 0.91485969759729,
        "per_class": {
          "precision": [
            0.8608695652173913,
            0.9386138613861386,
            0.9196428571428571
          ],
          "recall": [
            0.9611650485436893,
            0.9349112426035503,
            0.8803418803418803
          ],
          "f1": [
            0.908256880733945,
            0.9367588932806324,
            0.8995633187772926
          ]
        },
        "confusion_matrix": [
          [
            99,
            4,
            0
          ],
          [
            15,
            474,
            18
          ],
          [
            1,
            27,
            206
          ]
        ],
        "roc_auc_ovr": 0.9885164691546411,
        "classification_report": {
          "negative": {
            "precision": 0.8608695652173913,
            "recall": 0.9611650485436893,
            "f1-score": 0.908256880733945,
            "support": 103.0
          },
          "neutral": {
            "precision": 0.9386138613861386,
            "recall": 0.9349112426035503,
            "f1-score": 0.9367588932806324,
            "support": 507.0
          },
          "positive": {
            "precision": 0.9196428571428571,
            "recall": 0.8803418803418803,
            "f1-score": 0.8995633187772926,
            "support": 234.0
          },
          "accuracy": 0.9229857819905213,
          "macro avg": {
            "precision": 0.9063754279154623,
            "recall": 0.9254727238297066,
            "f1-score": 0.91485969759729,
            "support": 844.0
          },
          "weighted avg": {
            "precision": 0.9238663761985688,
            "recall": 0.9229857819905213,
            "f1-score": 0.9229680500032743,
            "support": 844.0
          }
        }
      }
    }
  ]
}