model,accuracy,macro_f1,roc_auc_ovr
logistic_regression,0.7350515463917526,0.7018681874288554,0.8334455141228897
linear_svm,0.7422680412371134,0.6934129213820102,
random_forest,0.7195876288659794,0.6332016913061737,0.8090020672520546
