{
  "dataset": "sentences_allagree",
  "models": [
    {
      "name": "logistic_regression",
      "best_params": {
        "C": 100,
        "penalty": "l1",
        "solver": "liblinear"
      },
      "cv_macro_f1": 0.7719,
      "metrics": {
        "model": "logistic_regression",
        "accuracy": 0.869757174392936,
        "macro_f1": 0.8129096112007191,
        "per_class": {
          "precision": [
            0.6923076923076923,
            0.9591078066914498,
            0.7647058823529411
          ],
          "recall": [
            0.7377049180327869,
            0.9280575539568345,
            0.7982456140350878
          ],
          "f1": [
            0.7142857142857143,
            0.943327239488117,
            0.7811158798283262
          ]
        },
        "confusion_matrix": [
          [
            45,
            1,
            15
          ],
          [
            7,
            258,
            13
          ],
          [
            13,
            10,
            91
          ]
        ],
        "roc_auc_ovr": 0.9499149001470973,
        "classification_report": {
          "negative": {
            "precision": 0.6923076923076923,
            "recall": 0.7377049180327869,
            "f1-score": 0.7142857142857143,
            "support": 61.0
          },
          "neutral": {
            "precision": 0.9591078066914498,
            "recall": 0.9280575539568345,
            "f1-score": 0.943327239488117,
            "support": 278.0
          },
          "positive": {
            "precision": 0.7647058823529411,
            "recall": 0.7982456140350878,
            "f1-score": 0.7811158798283262,
            "support": 114.0
          },
          "accuracy": 0.869757174392936,
          "macro avg": {
            "precision": 0.8053737937840277,
            "recall": 0.8213360286749031,
            "f1-score": 0.8129096112007191,
            "support": 453.0
          },
          "weighted avg": {
            "precision": 0.8742587418967497,
            "recall": 0.869757174392936,
            "f1-score": 0.8716636014338947,
            "support": 453.0
          }
        }
      }
    },
    {
      "name": "linear_svm",
      "best_params": {
        "C": 100
      },
      "cv_macro_f1": 0.747,
      "metrics": {
        "model": "linear_svm",
        "accuracy": 0.9028697571743929,
        "macro_f1": 0.8485918388323569,
        "per_class": {
          "precision": [
            0.8235294117647058,
            0.9475524475524476,
            0.8275862068965517
          ],
          "recall": [
            0.6885245901639344,
            0.9748201438848921,
            0.8421052631578947
          ],
          "f1": [
            0.75,
            0.9609929078014184,
            0.8347826086956521
          ]
        },
        "confusion_matrix": [
          [
            42,
            5,
            14
          ],
          [
            1,
            271,
            6
          ],
          [
            8,
            10,
            96
          ]
        ],
        "roc_auc_ovr": null,
        "classification_report": {
          "negative": {
            "precision": 0.8235294117647058,
            "recall": 0.6885245901639344,
            "f1-score": 0.75,
            "support": 61.0
          },
          "neutral": {
            "precision": 0.9475524475524476,
            "recall": 0.9748201438848921,
            "f1-score": 0.9609929078014184,
            "support": 278.0
          },
          "positive": {
            "precision": 0.8275862068965517,
            "recall": 0.8421052631578947,
            "f1-score": 0.8347826086956521,
            "support": 114.0
          },
          "accuracy": 0.9028697571743929,
          "macro avg": {
            "precision": 0.8662226887379018,
            "recall": 0.8351499990689071,
            "f1-score": 0.8485918388323569,
            "support": 453.0
          },
          "weighted avg": {
            "precision": 0.9006615940914667,
            "recall": 0.9028697571743929,
            "f1-score": 0.9008195270642355,
            "support": 453.0
          }
        }
      }
    },
    {
      "name": "random_forest",
      "best_params": {
        "max_depth": null,
        "n_estimators": 100
      },
      "cv_macro_f1": 0.707,
      "metrics": {
        "model": "random_forest",
        "accuracy": 0.8300220750551877,
        "macro_f1": 0.7514071854255068,
        "per_class": {
          "precision": [
            0.8378378378378378,
            0.8795986622073578,
            0.7008547008547008
          ],
          "recall": [
            0.5081967213114754,
            0.9460431654676259,
            0.7192982456140351
          ],
          "f1": [
            0.6326530612244898,
            0.9116117850953206,
            0.70995670995671
          ]
        },
        "confusion_matrix": [
          [
            31,
            9,
            21
          ],
          [
            1,
            263,
            14
          ],
          [
            5,
            27,
            82
          ]
        ],
        "roc_auc_ovr": 0.9435119083392665,
        "classification_report": {
          "negative": {
            "precision": 0.8378378378378378,
            "recall": 0.5081967213114754,
            "f1-score": 0.6326530612244898,
            "support": 61.0
          },
          "neutral": {
            "precision": 0.8795986622073578,
            "recall": 0.9460431654676259,
            "f1-score": 0.9116117850953206,
            "support": 278.0
          },
          "positive": {
            "precision": 0.7008547008547008,
            "recall": 0.7192982456140351,
            "f1-score": 0.70995670995671,
            "support": 114.0
          },
          "accuracy": 0.8300220750551877,
          "macro avg": {
            "precision": 0.8060970669666322,
            "recall": 0.7245127107977121,
            "f1-score": 0.7514071854255068,
            "support": 453.0
          },
          "weighted avg": {
            "precision": 0.8289933158922506,
            "recall": 0.8300220750551877,
            "f1-score": 0.8233001720226444,
            "support": 453.0
          }
        }
      }
    }
  ]
}