{
  "dataset": "sentences_allagree",
  "models": [
    {
      "name": "logistic_regression",
      "best_params": {
        "C": 1.0
      },
      "cv_macro_f1": 0.9712095533482585,
      "metrics": {
        "model": "logistic_regression",
        "accuracy": 0.9911699779249448,
        "macro_f1": 0.9853378351402067,
        "per_class": {
          "precision": [
            0.9833333333333333,
            1.0,
            0.9741379310344828
          ],
          "recall": [
            0.9672131147540983,
            0.9964028776978417,
            0.9912280701754386
          ],
          "f1": [
            0.9752066115702479,
            0.9981981981981982,
            0.9826086956521739
          ]
        },
        "confusion_matrix": [
          [
            59,
            0,
            2
          ],
          [
            0,
            277,
            1
          ],
          [
            1,
            0,
            113
          ]
        ],
        "roc_auc_ovr": 0.9990729072490673,
        "classification_report": {
          "negative": {
            "precision": 0.9833333333333333,
            "recall": 0.9672131147540983,
            "f1-score": 0.9752066115702479,
            "support": 61.0
          },
          "neutral": {
            "precision": 1.0,
            "recall": 0.9964028776978417,
            "f1-score": 0.9981981981981982,
            "support": 278.0
          },
          "positive": {
            "precision": 0.9741379310344828,
            "recall": 0.9912280701754386,
            "f1-score": 0.9826086956521739,
            "support": 114.0
          },
          "accuracy": 0.9911699779249448,
          "macro avg": {
            "precision": 0.985823754789272,
            "recall": 0.9849480208757928,
            "f1-score": 0.9853378351402067,
            "support": 453.0
          },
          "weighted avg": {
            "precision": 0.9912473674862349,
            "recall": 0.9911699779249448,
            "f1-score": 0.9911790148106668,
            "support": 453.0
          }
        }
      }
    },
    {
      "name": "linear_svm",
      "best_params": {
        "C": 1.0
      },
      "cv_macro_f1": 0.9713368871490798,
      "metrics": {
        "model": "linear_svm",
        "accuracy": 0.9867549668874173,
        "macro_f1": 0.9822394525469816,
        "per_class": {
          "precision": [
            0.967741935483871,
            1.0,
            0.9658119658119658
          ],
          "recall": [
            0.9836065573770492,
            0.9856115107913669,
            0.9912280701754386
          ],
          "f1": [
            0.975609756097561,
            0.9927536231884058,
            0.9783549783549783
          ]
        },
        "confusion_matrix": [
          [
            60,
            0,
            1
          ],
          [
            1,
            274,
            3
          ],
          [
            1,
            0,
            113
          ]
        ],
        "roc_auc_ovr": null,
        "classification_report": {
          "negative": {
            "precision": 0.967741935483871,
            "recall": 0.9836065573770492,
            "f1-score": 0.975609756097561,
            "support": 61.0
          },
          "neutral": {
            "precision": 1.0,
            "recall": 0.9856115107913669,
            "f1-score": 0.9927536231884058,
            "support": 278.0
          },
          "positive": {
            "precision": 0.9658119658119658,
            "recall": 0.9912280701754386,
            "f1-score": 0.9783549783549783,
            "support": 114.0
          },
          "accuracy": 0.9867549668874173,
          "macro avg": {
            "precision": 0.9778513004319457,
            "recall": 0.9868153794479516,
            "f1-score": 0.9822394525469816,
            "support": 453.0
          },
          "weighted avg": {
            "precision": 0.9870525875652985,
            "recall": 0.9867549668874173,
            "f1-score": 0.986821567109924,
            "support": 453.0
          }
        }
      }
    },
    {
      "name": "xgboost",
      "best_params": {
        "learning_rate": 0.05,
        "max_depth": 6,
        "n_estimators": 100
      },
      "cv_macro_f1": 0.9772001020113332,
      "metrics": {
        "model": "xgboost",
        "accuracy": 0.9889624724061811,
        "macro_f1": 0.9810732810732811,
        "per_class": {
          "precision": [
            0.9830508474576272,
            1.0,
            0.9658119658119658
          ],
          "recall": [
            0.9508196721311475,
            0.9964028776978417,
            0.9912280701754386
          ],
          "f1": [
            0.9666666666666667,
            0.9981981981981982,
            0.9783549783549783
          ]
        },
        "confusion_matrix": [
          [
            58,
            0,
            3
          ],
          [
            0,
            277,
            1
          ],
          [
            1,
            0,
            113
          ]
        ],
        "roc_auc_ovr": 0.9995281327641224,
        "classification_report": {
          "negative": {
            "precision": 0.9830508474576272,
            "recall": 0.9508196721311475,
            "f1-score": 0.9666666666666667,
            "support": 61.0
          },
          "neutral": {
            "precision": 1.0,
            "recall": 0.9964028776978417,
            "f1-score": 0.9981981981981982,
            "support": 278.0
          },
          "positive": {
            "precision": 0.9658119658119658,
            "recall": 0.9912280701754386,
            "f1-score": 0.9783549783549783,
            "support": 114.0
          },
          "accuracy": 0.9889624724061811,
          "macro avg": {
            "precision": 0.9829542710898643,
            "recall": 0.979483540001476,
            "f1-score": 0.9810732810732811,
            "support": 453.0
          },
          "weighted avg": {
            "precision": 0.9891140525330671,
            "recall": 0.9889624724061811,
            "f1-score": 0.9889585724022811,
            "support": 453.0
          }
        }
      }
    }
  ]
}