model,accuracy,macro_f1,roc_auc_ovr
logistic_regression,0.9911699779249448,0.9853378351402067,0.9990729072490673
linear_svm,0.9867549668874173,0.9822394525469816,
xgboost,0.9889624724061811,0.9810732810732811,0.9995281327641224
