{
  "dataset": "sentences_75agree",
  "models": [
    {
      "name": "logistic_regression",
      "best_params": {
        "C": 10,
        "penalty": "l1",
        "solver": "liblinear"
      },
      "cv_macro_f1": 0.7579,
      "metrics": {
        "model": "logistic_regression",
        "accuracy": 0.8219971056439942,
        "macro_f1": 0.7675887610779984,
        "per_class": {
          "precision": [
            0.72,
            0.8912529550827423,
            0.7098445595854922
          ],
          "recall": [
            0.6428571428571429,
            0.8787878787878788,
            0.7696629213483146
          ],
          "f1": [
            0.6792452830188679,
            0.8849765258215962,
            0.738544474393531
          ]
        },
        "confusion_matrix": [
          [
            54,
            16,
            14
          ],
          [
            10,
            377,
            42
          ],
          [
            11,
            30,
            137
          ]
        ],
        "roc_auc_ovr": 0.9147704841500689,
        "classification_report": {
          "negative": {
            "precision": 0.72,
            "recall": 0.6428571428571429,
            "f1-score": 0.6792452830188679,
            "support": 84.0
          },
          "neutral": {
            "precision": 0.8912529550827423,
            "recall": 0.8787878787878788,
            "f1-score": 0.8849765258215962,
            "support": 429.0
          },
          "positive": {
            "precision": 0.7098445595854922,
            "recall": 0.7696629213483146,
            "f1-score": 0.738544474393531,
            "support": 178.0
          },
          "accuracy": 0.8219971056439942,
          "macro avg": {
            "precision": 0.773699171556078,
            "recall": 0.7637693143311122,
            "f1-score": 0.7675887610779984,
            "support": 691.0
          },
          "weighted avg": {
            "precision": 0.8237045576508163,
            "recall": 0.8219971056439942,
            "f1-score": 0.8222466711911696,
            "support": 691.0
          }
        }
      }
    },
    {
      "name": "linear_svm",
      "best_params": {
        "C": 100
      },
      "cv_macro_f1": 0.7303,
      "metrics": {
        "model": "linear_svm",
        "accuracy": 0.8335745296671491,
        "macro_f1": 0.7638755271550849,
        "per_class": {
          "precision": [
            0.7833333333333333,
            0.8626609442060086,
            0.7696969696969697
          ],
          "recall": [
            0.5595238095238095,
            0.9370629370629371,
            0.7134831460674157
          ],
          "f1": [
            0.6527777777777778,
            0.8983240223463688,
            0.7405247813411079
          ]
        },
        "confusion_matrix": [
          [
            47,
            22,
            15
          ],
          [
            4,
            402,
            23
          ],
          [
            9,
            42,
            127
          ]
        ],
        "roc_auc_ovr": null,
        "classification_report": {
          "negative": {
            "precision": 0.7833333333333333,
            "recall": 0.5595238095238095,
            "f1-score": 0.6527777777777778,
            "support": 84.0
          },
          "neutral": {
            "precision": 0.8626609442060086,
            "recall": 0.9370629370629371,
            "f1-score": 0.8983240223463688,
            "support": 429.0
          },
          "positive": {
            "precision": 0.7696969696969697,
            "recall": 0.7134831460674157,
            "f1-score": 0.7405247813411079,
            "support": 178.0
          },
          "accuracy": 0.8335745296671491,
          "macro avg": {
            "precision": 0.8052304157454372,
            "recall": 0.7366899642180541,
            "f1-score": 0.7638755271550849,
            "support": 691.0
          },
          "weighted avg": {
            "precision": 0.8290703410570741,
            "recall": 0.8335745296671491,
            "f1-score": 0.8278259768431878,
            "support": 691.0
          }
        }
      }
    },
    {
      "name": "random_forest",
      "best_params": {
        "max_depth": 30,
        "n_estimators": 100
      },
      "cv_macro_f1": 0.6703,
      "metrics": {
        "model": "random_forest",
        "accuracy": 0.7959479015918958,
        "macro_f1": 0.7005335333484844,
        "per_class": {
          "precision": [
            0.7272727272727273,
            0.8147410358565738,
            0.753731343283582
          ],
          "recall": [
            0.47619047619047616,
            0.9533799533799534,
            0.5674157303370787
          ],
          "f1": [
            0.5755395683453237,
            0.878625134264232,
            0.6474358974358975
          ]
        },
        "confusion_matrix": [
          [
            40,
            27,
            17
          ],
          [
            4,
            409,
            16
          ],
          [
            11,
            66,
            101
          ]
        ],
        "roc_auc_ovr": 0.8801310779897341,
        "classification_report": {
          "negative": {
            "precision": 0.7272727272727273,
            "recall": 0.47619047619047616,
            "f1-score": 0.5755395683453237,
            "support": 84.0
          },
          "neutral": {
            "precision": 0.8147410358565738,
            "recall": 0.9533799533799534,
            "f1-score": 0.878625134264232,
            "support": 429.0
          },
          "positive": {
            "precision": 0.753731343283582,
            "recall": 0.5674157303370787,
            "f1-score": 0.6474358974358975,
            "support": 178.0
          },
          "accuracy": 0.7959479015918958,
          "macro avg": {
            "precision": 0.7652483688042944,
            "recall": 0.6656620533025027,
            "f1-score": 0.7005335333484844,
            "support": 691.0
          },
          "weighted avg": {
            "precision": 0.7883921744976221,
            "recall": 0.7959479015918958,
            "f1-score": 0.7822273459970369,
            "support": 691.0
          }
        }
      }
    }
  ]
}