{
  "dataset": "sentences_50agree",
  "models": [
    {
      "name": "logistic_regression",
      "best_params": {
        "C": 100,
        "penalty": "l1",
        "solver": "liblinear"
      },
      "cv_macro_f1": 0.6928,
      "metrics": {
        "model": "logistic_regression",
        "accuracy": 0.7350515463917526,
        "macro_f1": 0.7018681874288554,
        "per_class": {
          "precision": [
            0.6412213740458015,
            0.8093525179856115,
            0.6325088339222615
          ],
          "recall": [
            0.6942148760330579,
            0.78125,
            0.6556776556776557
          ],
          "f1": [
            0.6666666666666666,
            0.7950530035335689,
            0.6438848920863309
          ]
        },
        "confusion_matrix": [
          [
            84,
            27,
            10
          ],
          [
            32,
            450,
            94
          ],
          [
            15,
            79,
            179
          ]
        ],
        "roc_auc_ovr": 0.8334455141228897,
        "classification_report": {
          "negative": {
            "precision": 0.6412213740458015,
            "recall": 0.6942148760330579,
            "f1-score": 0.6666666666666666,
            "support": 121.0
          },
          "neutral": {
            "precision": 0.8093525179856115,
            "recall": 0.78125,
            "f1-score": 0.7950530035335689,
            "support": 576.0
          },
          "positive": {
            "precision": 0.6325088339222615,
            "recall": 0.6556776556776557,
            "f1-score": 0.6438848920863309,
            "support": 273.0
          },
          "accuracy": 0.7350515463917526,
          "macro avg": {
            "precision": 0.6943609086512249,
            "recall": 0.7103808439035711,
            "f1-score": 0.7018681874288554,
            "support": 970.0
          },
          "weighted avg": {
            "precision": 0.7386079879175583,
            "recall": 0.7350515463917526,
            "f1-score": 0.7364925487026502,
            "support": 970.0
          }
        }
      }
    },
    {
      "name": "linear_svm",
      "best_params": {
        "C": 100
      },
      "cv_macro_f1": 0.6655,
      "metrics": {
        "model": "linear_svm",
        "accuracy": 0.7422680412371134,
        "macro_f1": 0.6934129213820102,
        "per_class": {
          "precision": [
            0.696078431372549,
            0.7933884297520661,
            0.6425855513307985
          ],
          "recall": [
            0.5867768595041323,
            0.8333333333333334,
            0.6190476190476191
          ],
          "f1": [
            0.6367713004484304,
            0.8128704487722269,
            0.6305970149253731
          ]
        },
        "confusion_matrix": [
          [
            71,
            35,
            15
          ],
          [
            17,
            480,
            79
          ],
          [
            14,
            90,
            169
          ]
        ],
        "roc_auc_ovr": null,
        "classification_report": {
          "negative": {
            "precision": 0.696078431372549,
            "recall": 0.5867768595041323,
            "f1-score": 0.6367713004484304,
            "support": 121.0
          },
          "neutral": {
            "precision": 0.7933884297520661,
            "recall": 0.8333333333333334,
            "f1-score": 0.8128704487722269,
            "support": 576.0
          },
          "positive": {
            "precision": 0.6425855513307985,
            "recall": 0.6190476190476191,
            "f1-score": 0.6305970149253731,
            "support": 273.0
          },
          "accuracy": 0.7422680412371134,
          "macro avg": {
            "precision": 0.7106841374851379,
            "recall": 0.6797192706283616,
            "f1-score": 0.6934129213820102,
            "support": 970.0
          },
          "weighted avg": {
            "precision": 0.7388073002542025,
            "recall": 0.7422680412371134,
            "f1-score": 0.7396038050739068,
            "support": 970.0
          }
        }
      }
    },
    {
      "name": "random_forest",
      "best_params": {
        "max_depth": 30,
        "n_estimators": 300
      },
      "cv_macro_f1": 0.6209,
      "metrics": {
        "model": "random_forest",
        "accuracy": 0.7195876288659794,
        "macro_f1": 0.6332016913061737,
        "per_class": {
          "precision": [
            0.6904761904761905,
            0.7338935574229691,
            0.6744186046511628
          ],
          "recall": [
            0.4793388429752066,
            0.9097222222222222,
            0.4249084249084249
          ],
          "f1": [
            0.5658536585365853,
            0.8124031007751938,
            0.5213483146067416
          ]
        },
        "confusion_matrix": [
          [
            58,
            50,
            13
          ],
          [
            9,
            524,
            43
          ],
          [
            17,
            140,
            116
          ]
        ],
        "roc_auc_ovr": 0.8090020672520546,
        "classification_report": {
          "negative": {
            "precision": 0.6904761904761905,
            "recall": 0.4793388429752066,
            "f1-score": 0.5658536585365853,
            "support": 121.0
          },
          "neutral": {
            "precision": 0.7338935574229691,
            "recall": 0.9097222222222222,
            "f1-score": 0.8124031007751938,
            "support": 576.0
          },
          "positive": {
            "precision": 0.6744186046511628,
            "recall": 0.4249084249084249,
            "f1-score": 0.5213483146067416,
            "support": 273.0
          },
          "accuracy": 0.7195876288659794,
          "macro avg": {
            "precision": 0.6995961175167741,
            "recall": 0.6046564967019513,
            "f1-score": 0.6332016913061737,
            "support": 970.0
          },
          "weighted avg": {
            "precision": 0.7117387496835224,
            "recall": 0.7195876288659794,
            "f1-score": 0.6997325449660607,
            "support": 970.0
          }
        }
      }
    }
  ]
}