{
  "dataset": "sentences_66agree",
  "models": [
    {
      "name": "logistic_regression",
      "best_params": {
        "C": 10,
        "penalty": "l1",
        "solver": "liblinear"
      },
      "cv_macro_f1": 0.7333,
      "metrics": {
        "model": "logistic_regression",
        "accuracy": 0.7760663507109005,
        "macro_f1": 0.7300679006765964,
        "per_class": {
          "precision": [
            0.6442307692307693,
            0.847870182555781,
            0.6882591093117408
          ],
          "recall": [
            0.6504854368932039,
            0.8244575936883629,
            0.7264957264957265
          ],
          "f1": [
            0.6473429951690821,
            0.836,
            0.7068607068607069
          ]
        },
        "confusion_matrix": [
          [
            67,
            24,
            12
          ],
          [
            24,
            418,
            65
          ],
          [
            13,
            51,
            170
          ]
        ],
        "roc_auc_ovr": 0.8732748786766783,
        "classification_report": {
          "negative": {
            "precision": 0.6442307692307693,
            "recall": 0.6504854368932039,
            "f1-score": 0.6473429951690821,
            "support": 103.0
          },
          "neutral": {
            "precision": 0.847870182555781,
            "recall": 0.8244575936883629,
            "f1-score": 0.836,
            "support": 507.0
          },
          "positive": {
            "precision": 0.6882591093117408,
            "recall": 0.7264957264957265,
            "f1-score": 0.7068607068607069,
            "support": 234.0
          },
          "accuracy": 0.7760663507109005,
          "macro avg": {
            "precision": 0.7267866870327637,
            "recall": 0.7338129190257644,
            "f1-score": 0.7300679006765964,
            "support": 844.0
          },
          "weighted avg": {
            "precision": 0.7787660940349497,
            "recall": 0.7760663507109005,
            "f1-score": 0.7771726705068968,
            "support": 844.0
          }
        }
      }
    },
    {
      "name": "linear_svm",
      "best_params": {
        "C": 10
      },
      "cv_macro_f1": 0.6873,
      "metrics": {
        "model": "linear_svm",
        "accuracy": 0.7819905213270142,
        "macro_f1": 0.7194848204060719,
        "per_class": {
          "precision": [
            0.7023809523809523,
            0.8272058823529411,
            0.6990740740740741
          ],
          "recall": [
            0.5728155339805825,
            0.8875739644970414,
            0.6452991452991453
          ],
          "f1": [
            0.6310160427807486,
            0.8563273073263559,
            0.6711111111111111
          ]
        },
        "confusion_matrix": [
          [
            59,
            25,
            19
          ],
          [
            11,
            450,
            46
          ],
          [
            14,
            69,
            151
          ]
        ],
        "roc_auc_ovr": null,
        "classification_report": {
          "negative": {
            "precision": 0.7023809523809523,
            "recall": 0.5728155339805825,
            "f1-score": 0.6310160427807486,
            "support": 103.0
          },
          "neutral": {
            "precision": 0.8272058823529411,
            "recall": 0.8875739644970414,
            "f1-score": 0.8563273073263559,
            "support": 507.0
          },
          "positive": {
            "precision": 0.6990740740740741,
            "recall": 0.6452991452991453,
            "f1-score": 0.6711111111111111,
            "support": 234.0
          },
          "accuracy": 0.7819905213270142,
          "macro avg": {
            "precision": 0.7428869696026559,
            "recall": 0.7018962145922564,
            "f1-score": 0.7194848204060719,
            "support": 844.0
          },
          "weighted avg": {
            "precision": 0.7764478125373372,
            "recall": 0.7819905213270142,
            "f1-score": 0.7774793805934591,
            "support": 844.0
          }
        }
      }
    },
    {
      "name": "random_forest",
      "best_params": {
        "max_depth": 30,
        "n_estimators": 200
      },
      "cv_macro_f1": 0.6187,
      "metrics": {
        "model": "random_forest",
        "accuracy": 0.7476303317535545,
        "macro_f1": 0.6558754669008882,
        "per_class": {
          "precision": [
            0.7419354838709677,
            0.7543859649122807,
            0.7225806451612903
          ],
          "recall": [
            0.44660194174757284,
            0.9329388560157791,
            0.47863247863247865
          ],
          "f1": [
            0.5575757575757576,
            0.8342151675485009,
            0.5758354755784062
          ]
        },
        "confusion_matrix": [
          [
            46,
            43,
            14
          ],
          [
            5,
            473,
            29
          ],
          [
            11,
            111,
            112
          ]
        ],
        "roc_auc_ovr": 0.8454810384616803,
        "classification_report": {
          "negative": {
            "precision": 0.7419354838709677,
            "recall": 0.44660194174757284,
            "f1-score": 0.5575757575757576,
            "support": 103.0
          },
          "neutral": {
            "precision": 0.7543859649122807,
            "recall": 0.9329388560157791,
            "f1-score": 0.8342151675485009,
            "support": 507.0
          },
          "positive": {
            "precision": 0.7225806451612903,
            "recall": 0.47863247863247865,
            "f1-score": 0.5758354755784062,
            "support": 234.0
          },
          "accuracy": 0.7476303317535545,
          "macro avg": {
            "precision": 0.7396340313148463,
            "recall": 0.6193910921319435,
            "f1-score": 0.6558754669008882,
            "support": 844.0
          },
          "weighted avg": {
            "precision": 0.744048471584097,
            "recall": 0.7476303317535545,
            "f1-score": 0.7288185950980333,
            "support": 844.0
          }
        }
      }
    }
  ]
}