model,accuracy,macro_f1,roc_auc_ovr
logistic_regression,0.7760663507109005,0.7300679006765964,0.8732748786766783
linear_svm,0.7819905213270142,0.7194848204060719,
random_forest,0.7476303317535545,0.6558754669008882,0.8454810384616803
