{
  "dataset": "sentences_50agree",
  "models": [
    {
      "name": "logistic_regression",
      "best_params": {
        "C": 0.1
      },
      "cv_macro_f1": 0.8964631583401849,
      "metrics": {
        "model": "logistic_regression",
        "accuracy": 0.9020618556701031,
        "macro_f1": 0.8941930211129362,
        "per_class": {
          "precision": [
            0.8682170542635659,
            0.9261862917398945,
            0.8676470588235294
          ],
          "recall": [
            0.9256198347107438,
            0.9149305555555556,
            0.8644688644688645
          ],
          "f1": [
            0.896,
            0.9205240174672489,
            0.8660550458715597
          ]
        },
        "confusion_matrix": [
          [
            112,
            8,
            1
          ],
          [
            14,
            527,
            35
          ],
          [
            3,
            34,
            236
          ]
        ],
        "roc_auc_ovr": 0.9740989045187244,
        "classification_report": {
          "negative": {
            "precision": 0.8682170542635659,
            "recall": 0.9256198347107438,
            "f1-score": 0.896,
            "support": 121.0
          },
          "neutral": {
            "precision": 0.9261862917398945,
            "recall": 0.9149305555555556,
            "f1-score": 0.9205240174672489,
            "support": 576.0
          },
          "positive": {
            "precision": 0.8676470588235294,
            "recall": 0.8644688644688645,
            "f1-score": 0.8660550458715597,
            "support": 273.0
          },
          "accuracy": 0.9020618556701031,
          "macro avg": {
            "precision": 0.88735013494233,
            "recall": 0.9016730849117213,
            "f1-score": 0.8941930211129362,
            "support": 970.0
          },
          "weighted avg": {
            "precision": 0.9024796027493756,
            "recall": 0.9020618556701031,
            "f1-score": 0.902134908849558,
            "support": 970.0
          }
        }
      }
    },
    {
      "name": "linear_svm",
      "best_params": {
        "C": 0.1
      },
      "cv_macro_f1": 0.8786768971075782,
      "metrics": {
        "model": "linear_svm",
        "accuracy": 0.8896907216494845,
        "macro_f1": 0.8796491547301218,
        "per_class": {
          "precision": [
            0.8571428571428571,
            0.9125874125874126,
            0.8566176470588235
          ],
          "recall": [
            0.8925619834710744,
            0.90625,
            0.8534798534798534
          ],
          "f1": [
            0.8744939271255061,
            0.9094076655052264,
            0.8550458715596331
          ]
        },
        "confusion_matrix": [
          [
            108,
            12,
            1
          ],
          [
            16,
            522,
            38
          ],
          [
            2,
            38,
            233
          ]
        ],
        "roc_auc_ovr": null,
        "classification_report": {
          "negative": {
            "precision": 0.8571428571428571,
            "recall": 0.8925619834710744,
            "f1-score": 0.8744939271255061,
            "support": 121.0
          },
          "neutral": {
            "precision": 0.9125874125874126,
            "recall": 0.90625,
            "f1-score": 0.9094076655052264,
            "support": 576.0
          },
          "positive": {
            "precision": 0.8566176470588235,
            "recall": 0.8534798534798534,
            "f1-score": 0.8550458715596331,
            "support": 273.0
          },
          "accuracy": 0.8896907216494845,
          "macro avg": {
            "precision": 0.8754493055963644,
            "recall": 0.8840972789836427,
            "f1-score": 0.8796491547301218,
            "support": 970.0
          },
          "weighted avg": {
            "precision": 0.889918817537829,
            "recall": 0.8896907216494845,
            "f1-score": 0.889752683968017,
            "support": 970.0
          }
        }
      }
    },
    {
      "name": "xgboost",
      "best_params": {
        "learning_rate": 0.05,
        "max_depth": 6,
        "n_estimators": 300
      },
      "cv_macro_f1": 0.9046131057052771,
      "metrics": {
        "model": "xgboost",
        "accuracy": 0.8958762886597939,
        "macro_f1": 0.8855177888696635,
        "per_class": {
          "precision": [
            0.8473282442748091,
            0.9241622574955908,
            0.8602941176470589
          ],
          "recall": [
            0.9173553719008265,
            0.9097222222222222,
            0.8571428571428571
          ],
          "f1": [
            0.8809523809523809,
            0.9168853893263342,
            0.8587155963302753
          ]
        },
        "confusion_matrix": [
          [
            111,
            8,
            2
          ],
          [
            16,
            524,
            36
          ],
          [
            4,
            35,
            234
          ]
        ],
        "roc_auc_ovr": 0.9755603460356689,
        "classification_report": {
          "negative": {
            "precision": 0.8473282442748091,
            "recall": 0.9173553719008265,
            "f1-score": 0.8809523809523809,
            "support": 121.0
          },
          "neutral": {
            "precision": 0.9241622574955908,
            "recall": 0.9097222222222222,
            "f1-score": 0.9168853893263342,
            "support": 576.0
          },
          "positive": {
            "precision": 0.8602941176470589,
            "recall": 0.8571428571428571,
            "f1-score": 0.8587155963302753,
            "support": 273.0
          },
          "accuracy": 0.8958762886597939,
          "macro avg": {
            "precision": 0.8772615398058196,
            "recall": 0.8947401504219686,
            "f1-score": 0.8855177888696635,
            "support": 970.0
          },
          "weighted avg": {
            "precision": 0.8966025484457312,
            "recall": 0.8958762886597939,
            "f1-score": 0.8960315259230636,
            "support": 970.0
          }
        }
      }
    }
  ]
}