model,accuracy,macro_f1,roc_auc_ovr
logistic_regression,0.9020618556701031,0.8941930211129362,0.9740989045187244
linear_svm,0.8896907216494845,0.8796491547301218,
xgboost,0.8958762886597939,0.8855177888696635,0.9755603460356689
