{
  "mean_accuracy": 0.4061855670103093,
  "mean_f1": 0.3820781520494276,
  "per_fold_accuracy": [
    0.4948453608247423,
    0.21649484536082475,
    0.422680412371134,
    0.3917525773195876,
    0.5051546391752577
  ],
  "per_fold_f1": [
    0.5420560747663551,
    0.2830188679245283,
    0.5409836065573771,
    0.2716049382716049,
    0.2727272727272727
  ]
}