n,pearson_corr,spearman_corr,directional_accuracy,mae
612,0.015934655874087142,-0.014147341769484234,0.47549019607843135,0.1581602320301267
