{
  "n": 675,
  "pearson_corr": 0.04044819442300969,
  "spearman_corr": 0.04407944219335012,
  "directional_accuracy": 0.522962962962963,
  "mae": 0.3266098470880987
}