n,pearson_corr,spearman_corr,directional_accuracy,mae
3143,0.009973611284971822,-0.00759757243026656,0.5011135857461024,0.30880297336918455
