n,pearson_corr,spearman_corr,directional_accuracy,mae
675,0.04044819442300969,0.04407944219335012,0.522962962962963,0.3266098470880987
