n_train,n_test,mae,rmse,r2
509,128,0.01732379985658551,0.023551651559775934,-0.28926670762642614
