n_train,n_test,mae,rmse,r2
469,118,0.04990280196185118,0.06360575625444244,-1.2944397025767578
