n_train,n_test,mae,rmse,r2
441,111,0.028911129815157508,0.036949021011901576,-0.7602668837913367
