{
  "n_train": 509,
  "n_test": 128,
  "mae": 0.01732379985658551,
  "rmse": 0.023551651559775934,
  "r2": -0.28926670762642614
}