{
  "n_train": 441,
  "n_test": 111,
  "mae": 0.028911129815157508,
  "rmse": 0.036949021011901576,
  "r2": -0.7602668837913367
}