n,pearson_corr,spearman_corr,directional_accuracy,mae
654,0.03488252189215847,0.03479130635461041,0.5,0.22048880824559683
