{
  "n": 612,
  "pearson_corr": 0.015934655874087142,
  "spearman_corr": -0.014147341769484234,
  "directional_accuracy": 0.47549019607843135,
  "mae": 0.1581602320301267
}