{
  "n": 3143,
  "pearson_corr": 0.009973611284971822,
  "spearman_corr": -0.00759757243026656,
  "directional_accuracy": 0.5011135857461024,
  "mae": 0.30880297336918455
}