{
  "n_train": 469,
  "n_test": 118,
  "mae": 0.04990280196185118,
  "rmse": 0.06360575625444244,
  "r2": -1.2944397025767578
}