{
  "n": 654,
  "pearson_corr": 0.03488252189215847,
  "spearman_corr": 0.03479130635461041,
  "directional_accuracy": 0.5,
  "mae": 0.22048880824559683
}