model,accuracy,macro_f1,roc_auc_ovr
logistic_regression,0.9265402843601895,0.916383285333148,0.9873662506282616
linear_svm,0.919431279620853,0.9089610260413079,
xgboost,0.9229857819905213,0.91485969759729,0.9885164691546411
