model,accuracy,macro_f1,roc_auc_ovr
logistic_regression,0.869757174392936,0.8129096112007191,0.9499149001470973
linear_svm,0.9028697571743929,0.8485918388323569,
random_forest,0.8300220750551877,0.7514071854255068,0.9435119083392665
