model,accuracy,macro_f1,roc_auc_ovr
logistic_regression,0.8219971056439942,0.7675887610779984,0.9147704841500689
linear_svm,0.8335745296671491,0.7638755271550849,
random_forest,0.7959479015918958,0.7005335333484844,0.8801310779897341
