{
  "n_train": 356,
  "n_test": 90,
  "mae": 0.023593518201183415,
  "rmse": 0.03268888562102161,
  "r2": -0.3785966044484024
}