n,pearson_corr,spearman_corr,directional_accuracy,mae
496,-0.017840033828267134,0.06812904025311928,0.5524193548387096,0.26663297293126603
