n_train,n_test,mae,rmse,r2
356,90,0.023593518201183415,0.03268888562102161,-0.3785966044484024
