{
  "n": 496,
  "pearson_corr": -0.017840033828267134,
  "spearman_corr": 0.06812904025311928,
  "directional_accuracy": 0.5524193548387096,
  "mae": 0.26663297293126603
}