model,accuracy,precision,recall,macro_f1,roc_auc_ovr
logistic_regression,0.9638205499276411,0.9546059283588285,0.9525664722293935,0.9535744004604864,0.99592184299213
linear_svm,0.959479015918958,0.944251987441151,0.9471399387129723,0.9455877387220339,
xgboost,0.9681620839363242,0.9602010873985648,0.9591843861506782,0.9596897905346969,0.9973695772126607
