{
  "dataset": "sentences_75agree",
  "models": [
    {
      "name": "logistic_regression",
      "best_params": {
        "C": 0.1
      },
      "cv_macro_f1": 0.9527516395320609,
      "metrics": {
        "model": "logistic_regression",
        "accuracy": 0.9638205499276411,
        "macro_f1": 0.9535744004604864,
        "per_class": {
          "precision": [
            0.9404761904761905,
            0.974477958236659,
            0.9488636363636364
          ],
          "recall": [
            0.9404761904761905,
            0.9790209790209791,
            0.9382022471910112
          ],
          "f1": [
            0.9404761904761905,
            0.9767441860465116,
            0.943502824858757
          ]
        },
        "confusion_matrix": [
          [
            79,
            3,
            2
          ],
          [
            2,
            420,
            7
          ],
          [
            3,
            8,
            167
          ]
        ],
        "roc_auc_ovr": 0.99592184299213,
        "classification_report": {
          "negative": {
            "precision": 0.9404761904761905,
            "recall": 0.9404761904761905,
            "f1-score": 0.9404761904761905,
            "support": 84.0
          },
          "neutral": {
            "precision": 0.974477958236659,
            "recall": 0.9790209790209791,
            "f1-score": 0.9767441860465116,
            "support": 429.0
          },
          "positive": {
            "precision": 0.9488636363636364,
            "recall": 0.9382022471910112,
            "f1-score": 0.943502824858757,
            "support": 178.0
          },
          "accuracy": 0.9638205499276411,
          "macro avg": {
            "precision": 0.9546059283588285,
            "recall": 0.9525664722293935,
            "f1-score": 0.9535744004604864,
            "support": 691.0
          },
          "weighted avg": {
            "precision": 0.9637464129612937,
            "recall": 0.9638205499276411,
            "f1-score": 0.963772443760944,
            "support": 691.0
          }
        }
      }
    },
    {
      "name": "linear_svm",
      "best_params": {
        "C": 0.1
      },
      "cv_macro_f1": 0.9459535999590886,
      "metrics": {
        "model": "linear_svm",
        "accuracy": 0.959479015918958,
        "macro_f1": 0.9455877387220339,
        "per_class": {
          "precision": [
            0.927710843373494,
            0.9811320754716981,
            0.9239130434782609
          ],
          "recall": [
            0.9166666666666666,
            0.9696969696969697,
            0.9550561797752809
          ],
          "f1": [
            0.9221556886227545,
            0.9753810082063306,
            0.9392265193370166
          ]
        },
        "confusion_matrix": [
          [
            77,
            4,
            3
          ],
          [
            2,
            416,
            11
          ],
          [
            4,
            4,
            170
          ]
        ],
        "roc_auc_ovr": null,
        "classification_report": {
          "negative": {
            "precision": 0.927710843373494,
            "recall": 0.9166666666666666,
            "f1-score": 0.9221556886227545,
            "support": 84.0
          },
          "neutral": {
            "precision": 0.9811320754716981,
            "recall": 0.9696969696969697,
            "f1-score": 0.9753810082063306,
            "support": 429.0
          },
          "positive": {
            "precision": 0.9239130434782609,
            "recall": 0.9550561797752809,
            "f1-score": 0.9392265193370166,
            "support": 178.0
          },
          "accuracy": 0.959479015918958,
          "macro avg": {
            "precision": 0.944251987441151,
            "recall": 0.9471399387129723,
            "f1-score": 0.9455877387220339,
            "support": 691.0
          },
          "weighted avg": {
            "precision": 0.959898542633665,
            "recall": 0.959479015918958,
            "f1-score": 0.9595974686061016,
            "support": 691.0
          }
        }
      }
    },
    {
      "name": "xgboost",
      "best_params": {
        "learning_rate": 0.05,
        "max_depth": 6,
        "n_estimators": 300
      },
      "cv_macro_f1": 0.9516233945690615,
      "metrics": {
        "model": "xgboost",
        "accuracy": 0.9681620839363242,
        "macro_f1": 0.9596897905346969,
        "per_class": {
          "precision": [
            0.9523809523809523,
            0.9790697674418605,
            0.9491525423728814
          ],
          "recall": [
            0.9523809523809523,
            0.9813519813519813,
            0.9438202247191011
          ],
          "f1": [
            0.9523809523809523,
            0.980209545983702,
            0.9464788732394366
          ]
        },
        "confusion_matrix": [
          [
            80,
            2,
            2
          ],
          [
            1,
            421,
            7
          ],
          [
            3,
            7,
            168
          ]
        ],
        "roc_auc_ovr": 0.9973695772126607,
        "classification_report": {
          "negative": {
            "precision": 0.9523809523809523,
            "recall": 0.9523809523809523,
            "f1-score": 0.9523809523809523,
            "support": 84.0
          },
          "neutral": {
            "precision": 0.9790697674418605,
            "recall": 0.9813519813519813,
            "f1-score": 0.980209545983702,
            "support": 429.0
          },
          "positive": {
            "precision": 0.9491525423728814,
            "recall": 0.9438202247191011,
            "f1-score": 0.9464788732394366,
            "support": 178.0
          },
          "accuracy": 0.9681620839363242,
          "macro avg": {
            "precision": 0.9602010873985648,
            "recall": 0.9591843861506782,
            "f1-score": 0.9596897905346969,
            "support": 691.0
          },
          "weighted avg": {
            "precision": 0.9681187883862967,
            "recall": 0.9681620839363242,
            "f1-score": 0.9681376767925151,
            "support": 691.0
          }
        }
      }
    }
  ]
}